idx,gp,year,circuit,compound,deg_r2,deg_rmse,deg_scope,deg_n_samples,outlap_scope,outlap_n_samples
0,bahrain,2024,bahrain,MEDIUM,,,missing,0,missing,0
1,bahrain,2024,bahrain,MEDIUM,,,missing,0,missing,0
2,bahrain,2024,bahrain,MEDIUM,,,missing,0,missing,0
3,bahrain,2024,bahrain,MEDIUM,,,missing,0,missing,0
4,bahrain,2024,bahrain,MEDIUM,,,missing,0,missing,0
5,bahrain,2024,bahrain,MEDIUM,,,missing,0,missing,0
6,bahrain,2024,bahrain,MEDIUM,,,missing,0,missing,0
7,bahrain,2024,bahrain,MEDIUM,,,missing,0,missing,0
8,bahrain,2024,bahrain,MEDIUM,,,missing,0,missing,0
9,bahrain,2024,bahrain,MEDIUM,,,missing,0,missing,0
10,bahrain,2024,bahrain,MEDIUM,,,missing,0,missing,0
11,bahrain,2024,bahrain,MEDIUM,,,missing,0,missing,0
12,bahrain,2024,bahrain,MEDIUM,,,missing,0,missing,0
13,bahrain,2024,bahrain,MEDIUM,,,missing,0,missing,0
14,bahrain,2024,bahrain,MEDIUM,,,missing,0,missing,0
15,bahrain,2024,bahrain,MEDIUM,,,missing,0,missing,0
16,bahrain,2024,bahrain,MEDIUM,,,missing,0,missing,0
17,bahrain,2024,bahrain,MEDIUM,,,missing,0,missing,0
18,bahrain,2024,bahrain,MEDIUM,,,missing,0,missing,0
19,bahrain,2024,bahrain,MEDIUM,,,missing,0,missing,0
20,bahrain,2024,bahrain,MEDIUM,,,missing,0,missing,0
21,bahrain,2024,bahrain,MEDIUM,,,missing,0,missing,0
22,bahrain,2024,bahrain,MEDIUM,,,missing,0,missing,0
23,bahrain,2024,bahrain,MEDIUM,,,missing,0,missing,0
24,bahrain,2024,bahrain,MEDIUM,,,missing,0,missing,0
25,bahrain,2024,bahrain,MEDIUM,,,missing,0,missing,0
26,bahrain,2024,bahrain,MEDIUM,,,missing,0,missing,0
27,bahrain,2024,bahrain,MEDIUM,,,missing,0,missing,0
28,bahrain,2024,bahrain,MEDIUM,,,missing,0,missing,0
29,bahrain,2024,bahrain,MEDIUM,,,missing,0,missing,0
30,bahrain,2024,bahrain,MEDIUM,,,missing,0,missing,0
31,bahrain,2024,bahrain,MEDIUM,,,missing,0,missing,0
32,bahrain,2024,bahrain,MEDIUM,,,missing,0,missing,0
33,bahrain,2024,bahrain,MEDIUM,,,missing,0,missing,0
34,bahrain,2024,bahrain,MEDIUM,,,missing,0,missing,0
35,bahrain,2024,bahrain,MEDIUM,,,missing,0,missing,0
36,bahrain,2024,bahrain,MEDIUM,,,missing,0,missing,0
37,bahrain,2024,bahrain,MEDIUM,,,missing,0,missing,0
38,bahrain,2024,bahrain,MEDIUM,,,missing,0,missing,0
39,bahrain,2024,bahrain,MEDIUM,,,missing,0,missing,0
40,bahrain,2024,bahrain,MEDIUM,,,missing,0,missing,0
41,bahrain,2024,bahrain,MEDIUM,,,missing,0,missing,0
42,bahrain,2024,bahrain,MEDIUM,,,missing,0,missing,0
43,bahrain,2024,bahrain,MEDIUM,,,missing,0,missing,0
44,bahrain,2024,bahrain,MEDIUM,,,missing,0,missing,0
45,bahrain,2024,bahrain,MEDIUM,,,missing,0,missing,0
46,bahrain,2024,bahrain,MEDIUM,,,missing,0,missing,0
47,bahrain,2024,bahrain,MEDIUM,,,missing,0,missing,0
48,bahrain,2024,bahrain,MEDIUM,,,missing,0,missing,0
49,bahrain,2024,bahrain,MEDIUM,,,missing,0,missing,0
50,bahrain,2024,bahrain,MEDIUM,,,missing,0,missing,0
51,bahrain,2024,bahrain,MEDIUM,,,missing,0,missing,0
52,bahrain,2024,bahrain,MEDIUM,,,missing,0,missing,0
53,bahrain,2024,bahrain,MEDIUM,,,missing,0,missing,0
54,bahrain,2024,bahrain,MEDIUM,,,missing,0,missing,0
55,bahrain,2024,bahrain,MEDIUM,,,missing,0,missing,0
56,bahrain,2024,bahrain,MEDIUM,,,missing,0,missing,0
57,bahrain,2024,bahrain,MEDIUM,,,missing,0,missing,0
58,bahrain,2024,bahrain,MEDIUM,,,missing,0,missing,0
59,bahrain,2024,bahrain,MEDIUM,,,missing,0,missing,0
60,bahrain,2024,bahrain,MEDIUM,,,missing,0,missing,0
61,bahrain,2024,bahrain,MEDIUM,,,missing,0,missing,0
62,bahrain,2024,bahrain,MEDIUM,,,missing,0,missing,0
63,bahrain,2024,bahrain,MEDIUM,,,missing,0,missing,0
64,bahrain,2024,bahrain,MEDIUM,,,missing,0,missing,0
65,bahrain,2024,bahrain,MEDIUM,,,missing,0,missing,0
66,bahrain,2024,bahrain,MEDIUM,,,missing,0,missing,0
67,bahrain,2024,bahrain,MEDIUM,,,missing,0,missing,0
68,bahrain,2024,bahrain,MEDIUM,,,missing,0,missing,0
69,bahrain,2024,bahrain,MEDIUM,,,missing,0,missing,0
70,bahrain,2024,bahrain,MEDIUM,,,missing,0,missing,0
71,bahrain,2024,bahrain,MEDIUM,,,missing,0,missing,0
72,bahrain,2024,bahrain,MEDIUM,,,missing,0,missing,0
73,bahrain,2024,bahrain,MEDIUM,,,missing,0,missing,0
74,bahrain,2024,bahrain,MEDIUM,,,missing,0,missing,0
75,bahrain,2024,bahrain,MEDIUM,,,missing,0,missing,0
76,bahrain,2024,bahrain,MEDIUM,,,missing,0,missing,0
77,bahrain,2024,bahrain,MEDIUM,,,missing,0,missing,0
78,bahrain,2024,bahrain,MEDIUM,,,missing,0,missing,0
79,bahrain,2024,bahrain,MEDIUM,,,missing,0,missing,0
80,bahrain,2024,bahrain,MEDIUM,,,missing,0,missing,0
81,bahrain,2024,bahrain,MEDIUM,,,missing,0,missing,0
82,bahrain,2024,bahrain,MEDIUM,,,missing,0,missing,0
83,bahrain,2024,bahrain,MEDIUM,,,missing,0,missing,0
84,bahrain,2024,bahrain,MEDIUM,,,missing,0,missing,0
85,bahrain,2024,bahrain,MEDIUM,,,missing,0,missing,0
86,bahrain,2024,bahrain,MEDIUM,,,missing,0,missing,0
87,bahrain,2024,bahrain,MEDIUM,,,missing,0,missing,0
88,bahrain,2024,bahrain,MEDIUM,,,missing,0,missing,0
89,bahrain,2024,bahrain,MEDIUM,,,missing,0,missing,0
90,bahrain,2024,bahrain,MEDIUM,,,missing,0,missing,0
91,bahrain,2024,bahrain,MEDIUM,,,missing,0,missing,0
92,bahrain,2024,bahrain,MEDIUM,,,missing,0,missing,0
93,bahrain,2024,bahrain,MEDIUM,,,missing,0,missing,0
94,bahrain,2024,bahrain,MEDIUM,,,missing,0,missing,0
95,bahrain,2024,bahrain,MEDIUM,,,missing,0,missing,0
96,bahrain,2024,bahrain,MEDIUM,,,missing,0,missing,0
97,bahrain,2024,bahrain,MEDIUM,,,missing,0,missing,0
98,bahrain,2024,bahrain,MEDIUM,,,missing,0,missing,0
99,bahrain,2024,bahrain,MEDIUM,,,missing,0,missing,0
100,bahrain,2024,bahrain,MEDIUM,,,missing,0,missing,0
101,bahrain,2024,bahrain,MEDIUM,,,missing,0,missing,0
102,bahrain,2024,bahrain,MEDIUM,,,missing,0,missing,0
103,bahrain,2024,bahrain,MEDIUM,,,missing,0,missing,0
104,bahrain,2024,bahrain,MEDIUM,,,missing,0,missing,0
105,bahrain,2024,bahrain,MEDIUM,,,missing,0,missing,0
106,bahrain,2024,bahrain,MEDIUM,,,missing,0,missing,0
107,bahrain,2024,bahrain,MEDIUM,,,missing,0,missing,0
108,bahrain,2024,bahrain,MEDIUM,,,missing,0,missing,0
109,bahrain,2024,bahrain,MEDIUM,,,missing,0,missing,0
110,bahrain,2024,bahrain,MEDIUM,,,missing,0,missing,0
111,bahrain,2024,bahrain,MEDIUM,,,missing,0,missing,0
112,bahrain,2024,bahrain,MEDIUM,,,missing,0,missing,0
113,bahrain,2024,bahrain,MEDIUM,,,missing,0,missing,0
114,bahrain,2024,bahrain,MEDIUM,,,missing,0,missing,0
115,bahrain,2024,bahrain,MEDIUM,,,missing,0,missing,0
116,bahrain,2024,bahrain,MEDIUM,,,missing,0,missing,0
117,bahrain,2024,bahrain,MEDIUM,,,missing,0,missing,0
118,bahrain,2024,bahrain,MEDIUM,,,missing,0,missing,0
119,bahrain,2024,bahrain,MEDIUM,,,missing,0,missing,0
120,bahrain,2024,bahrain,MEDIUM,,,missing,0,missing,0
121,bahrain,2024,bahrain,MEDIUM,,,missing,0,missing,0
122,bahrain,2024,bahrain,MEDIUM,,,missing,0,missing,0
123,bahrain,2024,bahrain,MEDIUM,,,missing,0,missing,0
124,bahrain,2024,bahrain,MEDIUM,,,missing,0,missing,0
125,bahrain,2024,bahrain,MEDIUM,,,missing,0,missing,0
126,bahrain,2024,bahrain,MEDIUM,,,missing,0,missing,0
127,bahrain,2024,bahrain,MEDIUM,,,missing,0,missing,0
128,bahrain,2024,bahrain,MEDIUM,,,missing,0,missing,0
129,bahrain,2024,bahrain,MEDIUM,,,missing,0,missing,0
130,bahrain,2024,bahrain,MEDIUM,,,missing,0,missing,0
131,bahrain,2024,bahrain,MEDIUM,,,missing,0,missing,0
132,bahrain,2024,bahrain,MEDIUM,,,missing,0,missing,0
133,bahrain,2024,bahrain,MEDIUM,,,missing,0,missing,0
134,bahrain,2024,bahrain,MEDIUM,,,missing,0,missing,0
135,bahrain,2024,bahrain,MEDIUM,,,missing,0,missing,0
136,bahrain,2024,bahrain,MEDIUM,,,missing,0,missing,0
137,bahrain,2024,bahrain,MEDIUM,,,missing,0,missing,0
138,bahrain,2024,bahrain,MEDIUM,,,missing,0,missing,0
139,bahrain,2024,bahrain,MEDIUM,,,missing,0,missing,0
140,bahrain,2024,bahrain,MEDIUM,,,missing,0,missing,0
141,bahrain,2024,bahrain,MEDIUM,,,missing,0,missing,0
142,bahrain,2024,bahrain,MEDIUM,,,missing,0,missing,0
143,bahrain,2024,bahrain,MEDIUM,,,missing,0,missing,0
144,bahrain,2024,bahrain,MEDIUM,,,missing,0,missing,0
145,bahrain,2024,bahrain,MEDIUM,,,missing,0,missing,0
146,bahrain,2024,bahrain,MEDIUM,,,missing,0,missing,0
147,bahrain,2024,bahrain,MEDIUM,,,missing,0,missing,0
148,bahrain,2024,bahrain,MEDIUM,,,missing,0,missing,0
149,bahrain,2024,bahrain,MEDIUM,,,missing,0,missing,0
150,bahrain,2024,bahrain,MEDIUM,,,missing,0,missing,0
151,bahrain,2024,bahrain,MEDIUM,,,missing,0,missing,0
152,bahrain,2024,bahrain,MEDIUM,,,missing,0,missing,0
153,bahrain,2024,bahrain,MEDIUM,,,missing,0,missing,0
154,bahrain,2024,bahrain,MEDIUM,,,missing,0,missing,0
155,bahrain,2024,bahrain,MEDIUM,,,missing,0,missing,0
156,bahrain,2024,bahrain,MEDIUM,,,missing,0,missing,0
157,bahrain,2024,bahrain,MEDIUM,,,missing,0,missing,0
158,bahrain,2024,bahrain,MEDIUM,,,missing,0,missing,0
159,bahrain,2024,bahrain,MEDIUM,,,missing,0,missing,0
160,bahrain,2024,bahrain,MEDIUM,,,missing,0,missing,0
161,bahrain,2024,bahrain,MEDIUM,,,missing,0,missing,0
162,bahrain,2024,bahrain,MEDIUM,,,missing,0,missing,0
163,bahrain,2024,bahrain,MEDIUM,,,missing,0,missing,0
164,bahrain,2024,bahrain,MEDIUM,,,missing,0,missing,0
165,bahrain,2024,bahrain,MEDIUM,,,missing,0,missing,0
166,bahrain,2024,bahrain,MEDIUM,,,missing,0,missing,0
167,bahrain,2024,bahrain,MEDIUM,,,missing,0,missing,0
168,bahrain,2024,bahrain,MEDIUM,,,missing,0,missing,0
169,bahrain,2024,bahrain,MEDIUM,,,missing,0,missing,0
170,bahrain,2024,bahrain,MEDIUM,,,missing,0,missing,0
171,bahrain,2024,bahrain,MEDIUM,,,missing,0,missing,0
172,bahrain,2024,bahrain,MEDIUM,,,missing,0,missing,0
173,bahrain,2024,bahrain,MEDIUM,,,missing,0,missing,0
174,bahrain,2024,bahrain,MEDIUM,,,missing,0,missing,0
175,bahrain,2024,bahrain,MEDIUM,,,missing,0,missing,0
176,bahrain,2024,bahrain,MEDIUM,,,missing,0,missing,0
177,bahrain,2024,bahrain,MEDIUM,,,missing,0,missing,0
178,bahrain,2024,bahrain,MEDIUM,,,missing,0,missing,0
179,bahrain,2024,bahrain,MEDIUM,,,missing,0,missing,0
180,bahrain,2024,bahrain,MEDIUM,,,missing,0,missing,0
181,bahrain,2024,bahrain,MEDIUM,,,missing,0,missing,0
182,bahrain,2024,bahrain,MEDIUM,,,missing,0,missing,0
183,bahrain,2024,bahrain,MEDIUM,,,missing,0,missing,0
184,bahrain,2024,bahrain,MEDIUM,,,missing,0,missing,0
185,bahrain,2024,bahrain,MEDIUM,,,missing,0,missing,0
186,bahrain,2024,bahrain,MEDIUM,,,missing,0,missing,0
187,bahrain,2024,bahrain,MEDIUM,,,missing,0,missing,0
188,bahrain,2024,bahrain,MEDIUM,,,missing,0,missing,0
189,bahrain,2024,bahrain,MEDIUM,,,missing,0,missing,0
190,bahrain,2024,bahrain,MEDIUM,,,missing,0,missing,0
191,bahrain,2024,bahrain,MEDIUM,,,missing,0,missing,0
192,bahrain,2024,bahrain,MEDIUM,,,missing,0,missing,0
193,bahrain,2024,bahrain,MEDIUM,,,missing,0,missing,0
194,bahrain,2024,bahrain,MEDIUM,,,missing,0,missing,0
195,bahrain,2024,bahrain,MEDIUM,,,missing,0,missing,0
196,bahrain,2024,bahrain,MEDIUM,,,missing,0,missing,0
197,bahrain,2024,bahrain,MEDIUM,,,missing,0,missing,0
198,bahrain,2024,bahrain,MEDIUM,,,missing,0,missing,0
199,bahrain,2024,bahrain,MEDIUM,,,missing,0,missing,0
200,bahrain,2024,bahrain,MEDIUM,,,missing,0,missing,0
201,bahrain,2024,bahrain,MEDIUM,,,missing,0,missing,0
202,bahrain,2024,bahrain,MEDIUM,,,missing,0,missing,0
203,bahrain,2024,bahrain,MEDIUM,,,missing,0,missing,0
204,bahrain,2024,bahrain,MEDIUM,,,missing,0,missing,0
205,bahrain,2024,bahrain,MEDIUM,,,missing,0,missing,0
206,bahrain,2024,bahrain,MEDIUM,,,missing,0,missing,0
207,bahrain,2024,bahrain,MEDIUM,,,missing,0,missing,0
208,bahrain,2024,bahrain,MEDIUM,,,missing,0,missing,0
209,bahrain,2024,bahrain,MEDIUM,,,missing,0,missing,0
210,bahrain,2024,bahrain,MEDIUM,,,missing,0,missing,0
211,bahrain,2024,bahrain,MEDIUM,,,missing,0,missing,0
212,bahrain,2024,bahrain,MEDIUM,,,missing,0,missing,0
213,bahrain,2024,bahrain,MEDIUM,,,missing,0,missing,0
214,bahrain,2024,bahrain,MEDIUM,,,missing,0,missing,0
215,bahrain,2024,bahrain,MEDIUM,,,missing,0,missing,0
216,bahrain,2024,bahrain,MEDIUM,,,missing,0,missing,0
217,bahrain,2024,bahrain,MEDIUM,,,missing,0,missing,0
218,bahrain,2024,bahrain,MEDIUM,,,missing,0,missing,0
219,bahrain,2024,bahrain,MEDIUM,,,missing,0,missing,0
220,bahrain,2024,bahrain,MEDIUM,,,missing,0,missing,0
221,bahrain,2024,bahrain,MEDIUM,,,missing,0,missing,0
222,bahrain,2024,bahrain,MEDIUM,,,missing,0,missing,0
223,bahrain,2024,bahrain,MEDIUM,,,missing,0,missing,0
224,bahrain,2024,bahrain,MEDIUM,,,missing,0,missing,0
225,bahrain,2024,bahrain,MEDIUM,,,missing,0,missing,0
226,bahrain,2024,bahrain,MEDIUM,,,missing,0,missing,0
227,bahrain,2024,bahrain,MEDIUM,,,missing,0,missing,0
228,bahrain,2024,bahrain,MEDIUM,,,missing,0,missing,0
229,bahrain,2024,bahrain,MEDIUM,,,missing,0,missing,0
230,bahrain,2024,bahrain,MEDIUM,,,missing,0,missing,0
231,bahrain,2024,bahrain,MEDIUM,,,missing,0,missing,0
232,bahrain,2024,bahrain,MEDIUM,,,missing,0,missing,0
233,bahrain,2024,bahrain,MEDIUM,,,missing,0,missing,0
234,bahrain,2024,bahrain,MEDIUM,,,missing,0,missing,0
235,bahrain,2024,bahrain,MEDIUM,,,missing,0,missing,0
236,bahrain,2024,bahrain,MEDIUM,,,missing,0,missing,0
237,bahrain,2024,bahrain,MEDIUM,,,missing,0,missing,0
238,bahrain,2024,bahrain,MEDIUM,,,missing,0,missing,0
239,bahrain,2024,bahrain,MEDIUM,,,missing,0,missing,0
240,bahrain,2024,bahrain,MEDIUM,,,missing,0,missing,0
241,bahrain,2024,bahrain,MEDIUM,,,missing,0,missing,0
242,bahrain,2024,bahrain,MEDIUM,,,missing,0,missing,0
243,bahrain,2024,bahrain,MEDIUM,,,missing,0,missing,0
244,bahrain,2024,bahrain,MEDIUM,,,missing,0,missing,0
245,bahrain,2024,bahrain,MEDIUM,,,missing,0,missing,0
246,bahrain,2024,bahrain,MEDIUM,,,missing,0,missing,0
247,bahrain,2024,bahrain,MEDIUM,,,missing,0,missing,0
248,bahrain,2024,bahrain,MEDIUM,,,missing,0,missing,0
249,bahrain,2024,bahrain,MEDIUM,,,missing,0,missing,0
250,bahrain,2024,bahrain,MEDIUM,,,missing,0,missing,0
251,bahrain,2024,bahrain,MEDIUM,,,missing,0,missing,0
252,bahrain,2024,bahrain,MEDIUM,,,missing,0,missing,0
253,bahrain,2024,bahrain,MEDIUM,,,missing,0,missing,0
254,bahrain,2024,bahrain,MEDIUM,,,missing,0,missing,0
255,bahrain,2024,bahrain,MEDIUM,,,missing,0,missing,0
256,bahrain,2024,bahrain,MEDIUM,,,missing,0,missing,0
257,bahrain,2024,bahrain,MEDIUM,,,missing,0,missing,0
258,bahrain,2024,bahrain,MEDIUM,,,missing,0,missing,0
259,bahrain,2024,bahrain,MEDIUM,,,missing,0,missing,0
260,bahrain,2024,bahrain,MEDIUM,,,missing,0,missing,0
261,bahrain,2024,bahrain,MEDIUM,,,missing,0,missing,0
262,bahrain,2024,bahrain,MEDIUM,,,missing,0,missing,0
263,bahrain,2024,bahrain,MEDIUM,,,missing,0,missing,0
264,bahrain,2024,bahrain,MEDIUM,,,missing,0,missing,0
265,bahrain,2024,bahrain,MEDIUM,,,missing,0,missing,0
266,bahrain,2024,bahrain,MEDIUM,,,missing,0,missing,0
267,bahrain,2024,bahrain,MEDIUM,,,missing,0,missing,0
268,bahrain,2024,bahrain,MEDIUM,,,missing,0,missing,0
269,bahrain,2024,bahrain,MEDIUM,,,missing,0,missing,0
270,bahrain,2024,bahrain,MEDIUM,,,missing,0,missing,0
271,bahrain,2024,bahrain,MEDIUM,,,missing,0,missing,0
272,bahrain,2024,bahrain,MEDIUM,,,missing,0,missing,0
273,bahrain,2024,bahrain,MEDIUM,,,missing,0,missing,0
274,bahrain,2024,bahrain,MEDIUM,,,missing,0,missing,0
275,bahrain,2024,bahrain,MEDIUM,,,missing,0,missing,0
276,bahrain,2024,bahrain,MEDIUM,,,missing,0,missing,0
277,bahrain,2024,bahrain,MEDIUM,,,missing,0,missing,0
278,bahrain,2024,bahrain,MEDIUM,,,missing,0,missing,0
279,bahrain,2024,bahrain,MEDIUM,,,missing,0,missing,0
280,bahrain,2024,bahrain,MEDIUM,,,missing,0,missing,0
281,bahrain,2024,bahrain,MEDIUM,,,missing,0,missing,0
282,bahrain,2024,bahrain,MEDIUM,,,missing,0,missing,0
283,bahrain,2024,bahrain,MEDIUM,,,missing,0,missing,0
284,bahrain,2024,bahrain,MEDIUM,,,missing,0,missing,0
285,bahrain,2024,bahrain,MEDIUM,,,missing,0,missing,0
286,bahrain,2024,bahrain,MEDIUM,,,missing,0,missing,0
287,bahrain,2024,bahrain,MEDIUM,,,missing,0,missing,0
288,bahrain,2024,bahrain,MEDIUM,,,missing,0,missing,0
289,bahrain,2024,bahrain,MEDIUM,,,missing,0,missing,0
290,bahrain,2024,bahrain,MEDIUM,,,missing,0,missing,0
291,bahrain,2024,bahrain,MEDIUM,,,missing,0,missing,0
292,bahrain,2024,bahrain,MEDIUM,,,missing,0,missing,0
293,bahrain,2024,bahrain,MEDIUM,,,missing,0,missing,0
294,bahrain,2024,bahrain,MEDIUM,,,missing,0,missing,0
295,bahrain,2024,bahrain,MEDIUM,,,missing,0,missing,0
296,bahrain,2024,bahrain,MEDIUM,,,missing,0,missing,0
297,bahrain,2024,bahrain,MEDIUM,,,missing,0,missing,0
298,bahrain,2024,bahrain,MEDIUM,,,missing,0,missing,0
299,bahrain,2024,bahrain,MEDIUM,,,missing,0,missing,0
300,bahrain,2024,bahrain,MEDIUM,,,missing,0,missing,0
301,bahrain,2024,bahrain,MEDIUM,,,missing,0,missing,0
302,bahrain,2024,bahrain,MEDIUM,,,missing,0,missing,0
303,bahrain,2024,bahrain,MEDIUM,,,missing,0,missing,0
304,bahrain,2024,bahrain,MEDIUM,,,missing,0,missing,0
305,bahrain,2024,bahrain,MEDIUM,,,missing,0,missing,0
306,bahrain,2024,bahrain,MEDIUM,,,missing,0,missing,0
307,bahrain,2024,bahrain,MEDIUM,,,missing,0,missing,0
308,bahrain,2024,bahrain,MEDIUM,,,missing,0,missing,0
309,bahrain,2024,bahrain,MEDIUM,,,missing,0,missing,0
310,bahrain,2024,bahrain,MEDIUM,,,missing,0,missing,0
311,bahrain,2024,bahrain,MEDIUM,,,missing,0,missing,0
312,bahrain,2024,bahrain,MEDIUM,,,missing,0,missing,0
313,bahrain,2024,bahrain,MEDIUM,,,missing,0,missing,0
314,bahrain,2024,bahrain,MEDIUM,,,missing,0,missing,0
315,bahrain,2024,bahrain,MEDIUM,,,missing,0,missing,0
316,bahrain,2024,bahrain,MEDIUM,,,missing,0,missing,0
317,bahrain,2024,bahrain,MEDIUM,,,missing,0,missing,0
318,bahrain,2024,bahrain,MEDIUM,,,missing,0,missing,0
319,bahrain,2024,bahrain,MEDIUM,,,missing,0,missing,0
320,bahrain,2024,bahrain,MEDIUM,,,missing,0,missing,0
321,bahrain,2024,bahrain,MEDIUM,,,missing,0,missing,0
322,bahrain,2024,bahrain,MEDIUM,,,missing,0,missing,0
323,bahrain,2024,bahrain,MEDIUM,,,missing,0,missing,0
324,bahrain,2024,bahrain,MEDIUM,,,missing,0,missing,0
325,bahrain,2024,bahrain,MEDIUM,,,missing,0,missing,0
326,bahrain,2024,bahrain,MEDIUM,,,missing,0,missing,0
327,bahrain,2024,bahrain,MEDIUM,,,missing,0,missing,0
328,bahrain,2024,bahrain,MEDIUM,,,missing,0,missing,0
329,bahrain,2024,bahrain,MEDIUM,,,missing,0,missing,0
330,bahrain,2024,bahrain,MEDIUM,,,missing,0,missing,0
331,bahrain,2024,bahrain,MEDIUM,,,missing,0,missing,0
332,bahrain,2024,bahrain,MEDIUM,,,missing,0,missing,0
333,bahrain,2024,bahrain,MEDIUM,,,missing,0,missing,0
334,bahrain,2024,bahrain,MEDIUM,,,missing,0,missing,0
335,bahrain,2024,bahrain,MEDIUM,,,missing,0,missing,0
336,bahrain,2024,bahrain,MEDIUM,,,missing,0,missing,0
337,bahrain,2024,bahrain,MEDIUM,,,missing,0,missing,0
338,bahrain,2024,bahrain,MEDIUM,,,missing,0,missing,0
339,bahrain,2024,bahrain,MEDIUM,,,missing,0,missing,0
340,bahrain,2024,bahrain,MEDIUM,,,missing,0,missing,0
341,bahrain,2024,bahrain,MEDIUM,,,missing,0,missing,0
342,bahrain,2024,bahrain,MEDIUM,,,missing,0,missing,0
343,bahrain,2024,bahrain,MEDIUM,,,missing,0,missing,0
344,bahrain,2024,bahrain,MEDIUM,,,missing,0,missing,0
345,bahrain,2024,bahrain,MEDIUM,,,missing,0,missing,0
346,bahrain,2024,bahrain,MEDIUM,,,missing,0,missing,0
347,bahrain,2024,bahrain,MEDIUM,,,missing,0,missing,0
348,bahrain,2024,bahrain,MEDIUM,,,missing,0,missing,0
349,bahrain,2024,bahrain,MEDIUM,,,missing,0,missing,0
350,bahrain,2024,bahrain,MEDIUM,,,missing,0,missing,0
351,bahrain,2024,bahrain,MEDIUM,,,missing,0,missing,0
352,bahrain,2024,bahrain,MEDIUM,,,missing,0,missing,0
353,bahrain,2024,bahrain,MEDIUM,,,missing,0,missing,0
354,bahrain,2024,bahrain,MEDIUM,,,missing,0,missing,0
355,bahrain,2024,bahrain,MEDIUM,,,missing,0,missing,0
356,bahrain,2024,bahrain,MEDIUM,,,missing,0,missing,0
357,bahrain,2024,bahrain,MEDIUM,,,missing,0,missing,0
358,bahrain,2024,bahrain,MEDIUM,,,missing,0,missing,0
359,bahrain,2024,bahrain,MEDIUM,,,missing,0,missing,0
360,bahrain,2024,bahrain,MEDIUM,,,missing,0,missing,0
361,bahrain,2024,bahrain,MEDIUM,,,missing,0,missing,0
362,bahrain,2024,bahrain,MEDIUM,,,missing,0,missing,0
363,bahrain,2024,bahrain,MEDIUM,,,missing,0,missing,0
364,bahrain,2024,bahrain,MEDIUM,,,missing,0,missing,0
365,bahrain,2024,bahrain,MEDIUM,,,missing,0,missing,0
366,bahrain,2024,bahrain,MEDIUM,,,missing,0,missing,0
367,bahrain,2024,bahrain,MEDIUM,,,missing,0,missing,0
368,bahrain,2024,bahrain,MEDIUM,,,missing,0,missing,0
369,bahrain,2024,bahrain,MEDIUM,,,missing,0,missing,0
370,bahrain,2024,bahrain,MEDIUM,,,missing,0,missing,0
371,bahrain,2024,bahrain,MEDIUM,,,missing,0,missing,0
372,bahrain,2024,bahrain,MEDIUM,,,missing,0,missing,0
373,bahrain,2024,bahrain,MEDIUM,,,missing,0,missing,0
374,bahrain,2024,bahrain,MEDIUM,,,missing,0,missing,0
375,bahrain,2024,bahrain,MEDIUM,,,missing,0,missing,0
376,bahrain,2024,bahrain,MEDIUM,,,missing,0,missing,0
377,bahrain,2024,bahrain,MEDIUM,,,missing,0,missing,0
378,bahrain,2024,bahrain,MEDIUM,,,missing,0,missing,0
379,bahrain,2024,bahrain,MEDIUM,,,missing,0,missing,0
380,bahrain,2024,bahrain,MEDIUM,,,missing,0,missing,0
381,bahrain,2024,bahrain,MEDIUM,,,missing,0,missing,0
382,bahrain,2024,bahrain,MEDIUM,,,missing,0,missing,0
383,bahrain,2024,bahrain,MEDIUM,,,missing,0,missing,0
384,bahrain,2024,bahrain,MEDIUM,,,missing,0,missing,0
385,bahrain,2024,bahrain,MEDIUM,,,missing,0,missing,0
386,bahrain,2024,bahrain,MEDIUM,,,missing,0,missing,0
387,bahrain,2024,bahrain,MEDIUM,,,missing,0,missing,0
388,bahrain,2024,bahrain,MEDIUM,,,missing,0,missing,0
389,bahrain,2024,bahrain,MEDIUM,,,missing,0,missing,0
390,bahrain,2024,bahrain,MEDIUM,,,missing,0,missing,0
391,bahrain,2024,bahrain,MEDIUM,,,missing,0,missing,0
392,bahrain,2024,bahrain,MEDIUM,,,missing,0,missing,0
393,bahrain,2024,bahrain,MEDIUM,,,missing,0,missing,0
394,bahrain,2024,bahrain,MEDIUM,,,missing,0,missing,0
395,bahrain,2024,bahrain,MEDIUM,,,missing,0,missing,0
396,bahrain,2024,bahrain,MEDIUM,,,missing,0,missing,0
397,bahrain,2024,bahrain,MEDIUM,,,missing,0,missing,0
398,bahrain,2024,bahrain,MEDIUM,,,missing,0,missing,0
399,bahrain,2024,bahrain,MEDIUM,,,missing,0,missing,0
400,bahrain,2024,bahrain,MEDIUM,,,missing,0,missing,0
401,bahrain,2024,bahrain,MEDIUM,,,missing,0,missing,0
402,bahrain,2024,bahrain,MEDIUM,,,missing,0,missing,0
403,bahrain,2024,bahrain,MEDIUM,,,missing,0,missing,0
404,bahrain,2024,bahrain,MEDIUM,,,missing,0,missing,0
405,bahrain,2024,bahrain,MEDIUM,,,missing,0,missing,0
406,bahrain,2024,bahrain,MEDIUM,,,missing,0,missing,0
407,bahrain,2024,bahrain,MEDIUM,,,missing,0,missing,0
408,bahrain,2024,bahrain,MEDIUM,,,missing,0,missing,0
409,bahrain,2024,bahrain,MEDIUM,,,missing,0,missing,0
410,bahrain,2024,bahrain,MEDIUM,,,missing,0,missing,0
411,bahrain,2024,bahrain,MEDIUM,,,missing,0,missing,0
412,bahrain,2024,bahrain,MEDIUM,,,missing,0,missing,0
413,bahrain,2024,bahrain,MEDIUM,,,missing,0,missing,0
414,bahrain,2024,bahrain,MEDIUM,,,missing,0,missing,0
415,bahrain,2024,bahrain,MEDIUM,,,missing,0,missing,0
416,bahrain,2024,bahrain,MEDIUM,,,missing,0,missing,0
417,bahrain,2024,bahrain,MEDIUM,,,missing,0,missing,0
418,bahrain,2024,bahrain,MEDIUM,,,missing,0,missing,0
419,bahrain,2024,bahrain,MEDIUM,,,missing,0,missing,0
420,bahrain,2024,bahrain,MEDIUM,,,missing,0,missing,0
421,bahrain,2024,bahrain,MEDIUM,,,missing,0,missing,0
422,bahrain,2024,bahrain,MEDIUM,,,missing,0,missing,0
423,bahrain,2024,bahrain,MEDIUM,,,missing,0,missing,0
424,bahrain,2024,bahrain,MEDIUM,,,missing,0,missing,0
425,bahrain,2024,bahrain,MEDIUM,,,missing,0,missing,0
426,bahrain,2024,bahrain,MEDIUM,,,missing,0,missing,0
427,bahrain,2024,bahrain,MEDIUM,,,missing,0,missing,0
428,bahrain,2024,bahrain,MEDIUM,,,missing,0,missing,0
429,bahrain,2024,bahrain,MEDIUM,,,missing,0,missing,0
430,bahrain,2024,bahrain,MEDIUM,,,missing,0,missing,0
431,bahrain,2024,bahrain,MEDIUM,,,missing,0,missing,0
432,bahrain,2024,bahrain,MEDIUM,,,missing,0,missing,0
433,bahrain,2024,bahrain,MEDIUM,,,missing,0,missing,0
434,bahrain,2024,bahrain,MEDIUM,,,missing,0,missing,0
435,bahrain,2024,bahrain,MEDIUM,,,missing,0,missing,0
436,bahrain,2024,bahrain,MEDIUM,,,missing,0,missing,0
437,bahrain,2024,bahrain,MEDIUM,,,missing,0,missing,0
438,bahrain,2024,bahrain,MEDIUM,,,missing,0,missing,0
439,bahrain,2024,bahrain,MEDIUM,,,missing,0,missing,0
440,bahrain,2024,bahrain,MEDIUM,,,missing,0,missing,0
441,bahrain,2024,bahrain,MEDIUM,,,missing,0,missing,0
442,bahrain,2024,bahrain,MEDIUM,,,missing,0,missing,0
443,bahrain,2024,bahrain,MEDIUM,,,missing,0,missing,0
444,bahrain,2024,bahrain,MEDIUM,,,missing,0,missing,0
445,bahrain,2024,bahrain,MEDIUM,,,missing,0,missing,0
446,bahrain,2024,bahrain,MEDIUM,,,missing,0,missing,0
447,bahrain,2024,bahrain,MEDIUM,,,missing,0,missing,0
448,bahrain,2024,bahrain,MEDIUM,,,missing,0,missing,0
449,bahrain,2024,bahrain,MEDIUM,,,missing,0,missing,0
450,bahrain,2024,bahrain,MEDIUM,,,missing,0,missing,0
451,bahrain,2024,bahrain,MEDIUM,,,missing,0,missing,0
452,bahrain,2024,bahrain,MEDIUM,,,missing,0,missing,0
453,bahrain,2024,bahrain,MEDIUM,,,missing,0,missing,0
454,bahrain,2024,bahrain,MEDIUM,,,missing,0,missing,0
455,bahrain,2024,bahrain,MEDIUM,,,missing,0,missing,0
456,bahrain,2024,bahrain,MEDIUM,,,missing,0,missing,0
457,bahrain,2024,bahrain,MEDIUM,,,missing,0,missing,0
458,bahrain,2024,bahrain,MEDIUM,,,missing,0,missing,0
459,bahrain,2024,bahrain,MEDIUM,,,missing,0,missing,0
460,bahrain,2024,bahrain,MEDIUM,,,missing,0,missing,0
461,bahrain,2024,bahrain,MEDIUM,,,missing,0,missing,0
462,bahrain,2024,bahrain,MEDIUM,,,missing,0,missing,0
463,bahrain,2024,bahrain,MEDIUM,,,missing,0,missing,0
464,bahrain,2024,bahrain,MEDIUM,,,missing,0,missing,0
465,bahrain,2024,bahrain,MEDIUM,,,missing,0,missing,0
466,bahrain,2024,bahrain,MEDIUM,,,missing,0,missing,0
467,bahrain,2024,bahrain,MEDIUM,,,missing,0,missing,0
468,bahrain,2024,bahrain,MEDIUM,,,missing,0,missing,0
469,bahrain,2024,bahrain,MEDIUM,,,missing,0,missing,0
470,bahrain,2024,bahrain,MEDIUM,,,missing,0,missing,0
471,bahrain,2024,bahrain,MEDIUM,,,missing,0,missing,0
472,bahrain,2024,bahrain,MEDIUM,,,missing,0,missing,0
473,bahrain,2024,bahrain,MEDIUM,,,missing,0,missing,0
474,bahrain,2024,bahrain,MEDIUM,,,missing,0,missing,0
475,bahrain,2024,bahrain,MEDIUM,,,missing,0,missing,0
476,bahrain,2024,bahrain,MEDIUM,,,missing,0,missing,0
477,bahrain,2024,bahrain,MEDIUM,,,missing,0,missing,0
478,bahrain,2024,bahrain,MEDIUM,,,missing,0,missing,0
479,bahrain,2024,bahrain,MEDIUM,,,missing,0,missing,0
480,bahrain,2024,bahrain,MEDIUM,,,missing,0,missing,0
481,bahrain,2024,bahrain,MEDIUM,,,missing,0,missing,0
482,bahrain,2024,bahrain,MEDIUM,,,missing,0,missing,0
483,bahrain,2024,bahrain,MEDIUM,,,missing,0,missing,0
484,bahrain,2024,bahrain,MEDIUM,,,missing,0,missing,0
485,bahrain,2024,bahrain,MEDIUM,,,missing,0,missing,0
486,bahrain,2024,bahrain,MEDIUM,,,missing,0,missing,0
487,bahrain,2024,bahrain,MEDIUM,,,missing,0,missing,0
488,bahrain,2024,bahrain,MEDIUM,,,missing,0,missing,0
489,bahrain,2024,bahrain,MEDIUM,,,missing,0,missing,0
490,bahrain,2024,bahrain,MEDIUM,,,missing,0,missing,0
491,bahrain,2024,bahrain,MEDIUM,,,missing,0,missing,0
492,bahrain,2024,bahrain,MEDIUM,,,missing,0,missing,0
493,bahrain,2024,bahrain,MEDIUM,,,missing,0,missing,0
494,bahrain,2024,bahrain,MEDIUM,,,missing,0,missing,0
495,bahrain,2024,bahrain,MEDIUM,,,missing,0,missing,0
496,bahrain,2024,bahrain,MEDIUM,,,missing,0,missing,0
497,bahrain,2024,bahrain,MEDIUM,,,missing,0,missing,0
498,bahrain,2024,bahrain,MEDIUM,,,missing,0,missing,0
499,bahrain,2024,bahrain,MEDIUM,,,missing,0,missing,0
500,bahrain,2024,bahrain,MEDIUM,,,missing,0,missing,0
0,imola,2024,imola,MEDIUM,,,missing,0,missing,0
1,imola,2024,imola,MEDIUM,,,missing,0,missing,0
2,imola,2024,imola,MEDIUM,,,missing,0,missing,0
3,imola,2024,imola,MEDIUM,,,missing,0,missing,0
4,imola,2024,imola,MEDIUM,,,missing,0,missing,0
5,imola,2024,imola,MEDIUM,,,missing,0,missing,0
6,imola,2024,imola,MEDIUM,,,missing,0,missing,0
7,imola,2024,imola,MEDIUM,,,missing,0,missing,0
8,imola,2024,imola,MEDIUM,,,missing,0,missing,0
9,imola,2024,imola,MEDIUM,,,missing,0,missing,0
10,imola,2024,imola,MEDIUM,,,missing,0,missing,0
11,imola,2024,imola,MEDIUM,,,missing,0,missing,0
12,imola,2024,imola,MEDIUM,,,missing,0,missing,0
13,imola,2024,imola,MEDIUM,,,missing,0,missing,0
14,imola,2024,imola,MEDIUM,,,missing,0,missing,0
15,imola,2024,imola,MEDIUM,,,missing,0,missing,0
16,imola,2024,imola,MEDIUM,,,missing,0,missing,0
17,imola,2024,imola,MEDIUM,,,missing,0,missing,0
18,imola,2024,imola,MEDIUM,,,missing,0,missing,0
19,imola,2024,imola,MEDIUM,,,missing,0,missing,0
20,imola,2024,imola,MEDIUM,,,missing,0,missing,0
21,imola,2024,imola,MEDIUM,,,missing,0,missing,0
22,imola,2024,imola,MEDIUM,,,missing,0,missing,0
23,imola,2024,imola,MEDIUM,,,missing,0,missing,0
24,imola,2024,imola,MEDIUM,,,missing,0,missing,0
25,imola,2024,imola,MEDIUM,,,missing,0,missing,0
26,imola,2024,imola,MEDIUM,,,missing,0,missing,0
27,imola,2024,imola,MEDIUM,,,missing,0,missing,0
28,imola,2024,imola,MEDIUM,,,missing,0,missing,0
29,imola,2024,imola,MEDIUM,,,missing,0,missing,0
30,imola,2024,imola,MEDIUM,,,missing,0,missing,0
31,imola,2024,imola,MEDIUM,,,missing,0,missing,0
32,imola,2024,imola,MEDIUM,,,missing,0,missing,0
33,imola,2024,imola,MEDIUM,,,missing,0,missing,0
34,imola,2024,imola,MEDIUM,,,missing,0,missing,0
35,imola,2024,imola,MEDIUM,,,missing,0,missing,0
36,imola,2024,imola,MEDIUM,,,missing,0,missing,0
37,imola,2024,imola,MEDIUM,,,missing,0,missing,0
38,imola,2024,imola,MEDIUM,,,missing,0,missing,0
39,imola,2024,imola,MEDIUM,,,missing,0,missing,0
40,imola,2024,imola,MEDIUM,,,missing,0,missing,0
41,imola,2024,imola,MEDIUM,,,missing,0,missing,0
42,imola,2024,imola,MEDIUM,,,missing,0,missing,0
43,imola,2024,imola,MEDIUM,,,missing,0,missing,0
44,imola,2024,imola,MEDIUM,,,missing,0,missing,0
45,imola,2024,imola,MEDIUM,,,missing,0,missing,0
46,imola,2024,imola,MEDIUM,,,missing,0,missing,0
47,imola,2024,imola,MEDIUM,,,missing,0,missing,0
48,imola,2024,imola,MEDIUM,,,missing,0,missing,0
49,imola,2024,imola,MEDIUM,,,missing,0,missing,0
50,imola,2024,imola,MEDIUM,,,missing,0,missing,0
51,imola,2024,imola,MEDIUM,,,missing,0,missing,0
52,imola,2024,imola,MEDIUM,,,missing,0,missing,0
53,imola,2024,imola,MEDIUM,,,missing,0,missing,0
54,imola,2024,imola,MEDIUM,,,missing,0,missing,0
55,imola,2024,imola,MEDIUM,,,missing,0,missing,0
56,imola,2024,imola,MEDIUM,,,missing,0,missing,0
57,imola,2024,imola,MEDIUM,,,missing,0,missing,0
58,imola,2024,imola,MEDIUM,,,missing,0,missing,0
59,imola,2024,imola,MEDIUM,,,missing,0,missing,0
60,imola,2024,imola,MEDIUM,,,missing,0,missing,0
61,imola,2024,imola,MEDIUM,,,missing,0,missing,0
62,imola,2024,imola,MEDIUM,,,missing,0,missing,0
63,imola,2024,imola,MEDIUM,,,missing,0,missing,0
64,imola,2024,imola,MEDIUM,,,missing,0,missing,0
65,imola,2024,imola,MEDIUM,,,missing,0,missing,0
66,imola,2024,imola,MEDIUM,,,missing,0,missing,0
67,imola,2024,imola,MEDIUM,,,missing,0,missing,0
68,imola,2024,imola,MEDIUM,,,missing,0,missing,0
69,imola,2024,imola,MEDIUM,,,missing,0,missing,0
70,imola,2024,imola,MEDIUM,,,missing,0,missing,0
71,imola,2024,imola,MEDIUM,,,missing,0,missing,0
72,imola,2024,imola,MEDIUM,,,missing,0,missing,0
73,imola,2024,imola,MEDIUM,,,missing,0,missing,0
74,imola,2024,imola,MEDIUM,,,missing,0,missing,0
75,imola,2024,imola,MEDIUM,,,missing,0,missing,0
76,imola,2024,imola,MEDIUM,,,missing,0,missing,0
77,imola,2024,imola,MEDIUM,,,missing,0,missing,0
78,imola,2024,imola,MEDIUM,,,missing,0,missing,0
79,imola,2024,imola,MEDIUM,,,missing,0,missing,0
80,imola,2024,imola,MEDIUM,,,missing,0,missing,0
81,imola,2024,imola,MEDIUM,,,missing,0,missing,0
82,imola,2024,imola,MEDIUM,,,missing,0,missing,0
83,imola,2024,imola,MEDIUM,,,missing,0,missing,0
84,imola,2024,imola,MEDIUM,,,missing,0,missing,0
85,imola,2024,imola,MEDIUM,,,missing,0,missing,0
86,imola,2024,imola,MEDIUM,,,missing,0,missing,0
87,imola,2024,imola,MEDIUM,,,missing,0,missing,0
88,imola,2024,imola,MEDIUM,,,missing,0,missing,0
89,imola,2024,imola,MEDIUM,,,missing,0,missing,0
90,imola,2024,imola,MEDIUM,,,missing,0,missing,0
91,imola,2024,imola,MEDIUM,,,missing,0,missing,0
92,imola,2024,imola,MEDIUM,,,missing,0,missing,0
93,imola,2024,imola,MEDIUM,,,missing,0,missing,0
94,imola,2024,imola,MEDIUM,,,missing,0,missing,0
95,imola,2024,imola,MEDIUM,,,missing,0,missing,0
96,imola,2024,imola,MEDIUM,,,missing,0,missing,0
97,imola,2024,imola,MEDIUM,,,missing,0,missing,0
98,imola,2024,imola,MEDIUM,,,missing,0,missing,0
99,imola,2024,imola,MEDIUM,,,missing,0,missing,0
100,imola,2024,imola,MEDIUM,,,missing,0,missing,0
101,imola,2024,imola,MEDIUM,,,missing,0,missing,0
102,imola,2024,imola,MEDIUM,,,missing,0,missing,0
103,imola,2024,imola,MEDIUM,,,missing,0,missing,0
104,imola,2024,imola,MEDIUM,,,missing,0,missing,0
105,imola,2024,imola,MEDIUM,,,missing,0,missing,0
106,imola,2024,imola,MEDIUM,,,missing,0,missing,0
107,imola,2024,imola,MEDIUM,,,missing,0,missing,0
108,imola,2024,imola,MEDIUM,,,missing,0,missing,0
109,imola,2024,imola,MEDIUM,,,missing,0,missing,0
110,imola,2024,imola,MEDIUM,,,missing,0,missing,0
111,imola,2024,imola,MEDIUM,,,missing,0,missing,0
112,imola,2024,imola,MEDIUM,,,missing,0,missing,0
113,imola,2024,imola,MEDIUM,,,missing,0,missing,0
114,imola,2024,imola,MEDIUM,,,missing,0,missing,0
115,imola,2024,imola,MEDIUM,,,missing,0,missing,0
116,imola,2024,imola,MEDIUM,,,missing,0,missing,0
117,imola,2024,imola,MEDIUM,,,missing,0,missing,0
118,imola,2024,imola,MEDIUM,,,missing,0,missing,0
119,imola,2024,imola,MEDIUM,,,missing,0,missing,0
120,imola,2024,imola,MEDIUM,,,missing,0,missing,0
121,imola,2024,imola,MEDIUM,,,missing,0,missing,0
122,imola,2024,imola,MEDIUM,,,missing,0,missing,0
123,imola,2024,imola,MEDIUM,,,missing,0,missing,0
124,imola,2024,imola,MEDIUM,,,missing,0,missing,0
125,imola,2024,imola,MEDIUM,,,missing,0,missing,0
126,imola,2024,imola,MEDIUM,,,missing,0,missing,0
127,imola,2024,imola,MEDIUM,,,missing,0,missing,0
128,imola,2024,imola,MEDIUM,,,missing,0,missing,0
129,imola,2024,imola,MEDIUM,,,missing,0,missing,0
130,imola,2024,imola,MEDIUM,,,missing,0,missing,0
131,imola,2024,imola,MEDIUM,,,missing,0,missing,0
132,imola,2024,imola,MEDIUM,,,missing,0,missing,0
133,imola,2024,imola,MEDIUM,,,missing,0,missing,0
134,imola,2024,imola,MEDIUM,,,missing,0,missing,0
135,imola,2024,imola,MEDIUM,,,missing,0,missing,0
136,imola,2024,imola,MEDIUM,,,missing,0,missing,0
137,imola,2024,imola,MEDIUM,,,missing,0,missing,0
138,imola,2024,imola,MEDIUM,,,missing,0,missing,0
139,imola,2024,imola,MEDIUM,,,missing,0,missing,0
140,imola,2024,imola,MEDIUM,,,missing,0,missing,0
141,imola,2024,imola,MEDIUM,,,missing,0,missing,0
142,imola,2024,imola,MEDIUM,,,missing,0,missing,0
143,imola,2024,imola,MEDIUM,,,missing,0,missing,0
144,imola,2024,imola,MEDIUM,,,missing,0,missing,0
145,imola,2024,imola,MEDIUM,,,missing,0,missing,0
146,imola,2024,imola,MEDIUM,,,missing,0,missing,0
147,imola,2024,imola,MEDIUM,,,missing,0,missing,0
148,imola,2024,imola,MEDIUM,,,missing,0,missing,0
149,imola,2024,imola,MEDIUM,,,missing,0,missing,0
150,imola,2024,imola,MEDIUM,,,missing,0,missing,0
151,imola,2024,imola,MEDIUM,,,missing,0,missing,0
152,imola,2024,imola,MEDIUM,,,missing,0,missing,0
153,imola,2024,imola,MEDIUM,,,missing,0,missing,0
154,imola,2024,imola,MEDIUM,,,missing,0,missing,0
155,imola,2024,imola,MEDIUM,,,missing,0,missing,0
156,imola,2024,imola,MEDIUM,,,missing,0,missing,0
157,imola,2024,imola,MEDIUM,,,missing,0,missing,0
158,imola,2024,imola,MEDIUM,,,missing,0,missing,0
159,imola,2024,imola,MEDIUM,,,missing,0,missing,0
160,imola,2024,imola,MEDIUM,,,missing,0,missing,0
161,imola,2024,imola,MEDIUM,,,missing,0,missing,0
162,imola,2024,imola,MEDIUM,,,missing,0,missing,0
163,imola,2024,imola,MEDIUM,,,missing,0,missing,0
164,imola,2024,imola,MEDIUM,,,missing,0,missing,0
165,imola,2024,imola,MEDIUM,,,missing,0,missing,0
166,imola,2024,imola,MEDIUM,,,missing,0,missing,0
167,imola,2024,imola,MEDIUM,,,missing,0,missing,0
168,imola,2024,imola,MEDIUM,,,missing,0,missing,0
169,imola,2024,imola,MEDIUM,,,missing,0,missing,0
170,imola,2024,imola,MEDIUM,,,missing,0,missing,0
171,imola,2024,imola,MEDIUM,,,missing,0,missing,0
172,imola,2024,imola,MEDIUM,,,missing,0,missing,0
173,imola,2024,imola,MEDIUM,,,missing,0,missing,0
174,imola,2024,imola,MEDIUM,,,missing,0,missing,0
175,imola,2024,imola,MEDIUM,,,missing,0,missing,0
176,imola,2024,imola,MEDIUM,,,missing,0,missing,0
177,imola,2024,imola,MEDIUM,,,missing,0,missing,0
178,imola,2024,imola,MEDIUM,,,missing,0,missing,0
179,imola,2024,imola,MEDIUM,,,missing,0,missing,0
180,imola,2024,imola,MEDIUM,,,missing,0,missing,0
181,imola,2024,imola,MEDIUM,,,missing,0,missing,0
182,imola,2024,imola,MEDIUM,,,missing,0,missing,0
183,imola,2024,imola,MEDIUM,,,missing,0,missing,0
184,imola,2024,imola,MEDIUM,,,missing,0,missing,0
185,imola,2024,imola,MEDIUM,,,missing,0,missing,0
186,imola,2024,imola,MEDIUM,,,missing,0,missing,0
187,imola,2024,imola,MEDIUM,,,missing,0,missing,0
188,imola,2024,imola,MEDIUM,,,missing,0,missing,0
189,imola,2024,imola,MEDIUM,,,missing,0,missing,0
190,imola,2024,imola,MEDIUM,,,missing,0,missing,0
191,imola,2024,imola,MEDIUM,,,missing,0,missing,0
192,imola,2024,imola,MEDIUM,,,missing,0,missing,0
193,imola,2024,imola,MEDIUM,,,missing,0,missing,0
194,imola,2024,imola,MEDIUM,,,missing,0,missing,0
195,imola,2024,imola,MEDIUM,,,missing,0,missing,0
196,imola,2024,imola,MEDIUM,,,missing,0,missing,0
197,imola,2024,imola,MEDIUM,,,missing,0,missing,0
198,imola,2024,imola,MEDIUM,,,missing,0,missing,0
199,imola,2024,imola,MEDIUM,,,missing,0,missing,0
200,imola,2024,imola,MEDIUM,,,missing,0,missing,0
201,imola,2024,imola,MEDIUM,,,missing,0,missing,0
202,imola,2024,imola,MEDIUM,,,missing,0,missing,0
203,imola,2024,imola,MEDIUM,,,missing,0,missing,0
204,imola,2024,imola,MEDIUM,,,missing,0,missing,0
205,imola,2024,imola,MEDIUM,,,missing,0,missing,0
206,imola,2024,imola,MEDIUM,,,missing,0,missing,0
207,imola,2024,imola,MEDIUM,,,missing,0,missing,0
208,imola,2024,imola,MEDIUM,,,missing,0,missing,0
209,imola,2024,imola,MEDIUM,,,missing,0,missing,0
210,imola,2024,imola,MEDIUM,,,missing,0,missing,0
211,imola,2024,imola,MEDIUM,,,missing,0,missing,0
212,imola,2024,imola,MEDIUM,,,missing,0,missing,0
213,imola,2024,imola,MEDIUM,,,missing,0,missing,0
214,imola,2024,imola,MEDIUM,,,missing,0,missing,0
215,imola,2024,imola,MEDIUM,,,missing,0,missing,0
216,imola,2024,imola,MEDIUM,,,missing,0,missing,0
217,imola,2024,imola,MEDIUM,,,missing,0,missing,0
218,imola,2024,imola,MEDIUM,,,missing,0,missing,0
219,imola,2024,imola,MEDIUM,,,missing,0,missing,0
220,imola,2024,imola,MEDIUM,,,missing,0,missing,0
221,imola,2024,imola,MEDIUM,,,missing,0,missing,0
222,imola,2024,imola,MEDIUM,,,missing,0,missing,0
223,imola,2024,imola,MEDIUM,,,missing,0,missing,0
224,imola,2024,imola,MEDIUM,,,missing,0,missing,0
225,imola,2024,imola,MEDIUM,,,missing,0,missing,0
226,imola,2024,imola,MEDIUM,,,missing,0,missing,0
227,imola,2024,imola,MEDIUM,,,missing,0,missing,0
228,imola,2024,imola,MEDIUM,,,missing,0,missing,0
229,imola,2024,imola,MEDIUM,,,missing,0,missing,0
230,imola,2024,imola,MEDIUM,,,missing,0,missing,0
231,imola,2024,imola,MEDIUM,,,missing,0,missing,0
232,imola,2024,imola,MEDIUM,,,missing,0,missing,0
233,imola,2024,imola,MEDIUM,,,missing,0,missing,0
234,imola,2024,imola,MEDIUM,,,missing,0,missing,0
235,imola,2024,imola,MEDIUM,,,missing,0,missing,0
236,imola,2024,imola,MEDIUM,,,missing,0,missing,0
237,imola,2024,imola,MEDIUM,,,missing,0,missing,0
238,imola,2024,imola,MEDIUM,,,missing,0,missing,0
239,imola,2024,imola,MEDIUM,,,missing,0,missing,0
240,imola,2024,imola,MEDIUM,,,missing,0,missing,0
241,imola,2024,imola,MEDIUM,,,missing,0,missing,0
242,imola,2024,imola,MEDIUM,,,missing,0,missing,0
243,imola,2024,imola,MEDIUM,,,missing,0,missing,0
244,imola,2024,imola,MEDIUM,,,missing,0,missing,0
245,imola,2024,imola,MEDIUM,,,missing,0,missing,0
246,imola,2024,imola,MEDIUM,,,missing,0,missing,0
247,imola,2024,imola,MEDIUM,,,missing,0,missing,0
0,monza,2023,monza,MEDIUM,,,missing,0,circuit_compound,28
1,monza,2023,monza,MEDIUM,,,missing,0,circuit_compound,28
2,monza,2023,monza,MEDIUM,,,missing,0,circuit_compound,28
3,monza,2023,monza,MEDIUM,,,missing,0,circuit_compound,28
4,monza,2023,monza,MEDIUM,,,missing,0,circuit_compound,28
5,monza,2023,monza,MEDIUM,,,missing,0,circuit_compound,28
6,monza,2023,monza,MEDIUM,,,missing,0,circuit_compound,28
7,monza,2023,monza,MEDIUM,,,missing,0,circuit_compound,28
8,monza,2023,monza,MEDIUM,,,missing,0,circuit_compound,28
9,monza,2023,monza,MEDIUM,,,missing,0,circuit_compound,28
10,monza,2023,monza,MEDIUM,,,missing,0,circuit_compound,28
11,monza,2023,monza,MEDIUM,,,missing,0,circuit_compound,28
12,monza,2023,monza,MEDIUM,,,missing,0,circuit_compound,28
13,monza,2023,monza,MEDIUM,,,missing,0,circuit_compound,28
14,monza,2023,monza,MEDIUM,,,missing,0,circuit_compound,28
15,monza,2023,monza,MEDIUM,,,missing,0,circuit_compound,28
16,monza,2023,monza,MEDIUM,,,missing,0,circuit_compound,28
17,monza,2023,monza,MEDIUM,,,missing,0,circuit_compound,28
18,monza,2023,monza,MEDIUM,,,missing,0,circuit_compound,28
19,monza,2023,monza,MEDIUM,,,missing,0,circuit_compound,28
20,monza,2023,monza,MEDIUM,,,missing,0,circuit_compound,28
21,monza,2023,monza,MEDIUM,,,missing,0,circuit_compound,28
22,monza,2023,monza,MEDIUM,,,missing,0,circuit_compound,28
23,monza,2023,monza,MEDIUM,,,missing,0,circuit_compound,28
24,monza,2023,monza,MEDIUM,,,missing,0,circuit_compound,28
25,monza,2023,monza,MEDIUM,,,missing,0,circuit_compound,28
26,monza,2023,monza,MEDIUM,,,missing,0,circuit_compound,28
27,monza,2023,monza,MEDIUM,,,missing,0,circuit_compound,28
28,monza,2023,monza,MEDIUM,,,missing,0,circuit_compound,28
29,monza,2023,monza,MEDIUM,,,missing,0,circuit_compound,28
30,monza,2023,monza,MEDIUM,,,missing,0,circuit_compound,28
31,monza,2023,monza,MEDIUM,,,missing,0,circuit_compound,28
32,monza,2023,monza,MEDIUM,,,missing,0,circuit_compound,28
33,monza,2023,monza,MEDIUM,,,missing,0,circuit_compound,28
34,monza,2023,monza,MEDIUM,,,missing,0,circuit_compound,28
35,monza,2023,monza,MEDIUM,,,missing,0,circuit_compound,28
36,monza,2023,monza,MEDIUM,,,missing,0,circuit_compound,28
37,monza,2023,monza,MEDIUM,,,missing,0,circuit_compound,28
38,monza,2023,monza,MEDIUM,,,missing,0,circuit_compound,28
39,monza,2023,monza,MEDIUM,,,missing,0,circuit_compound,28
40,monza,2023,monza,MEDIUM,,,missing,0,circuit_compound,28
41,monza,2023,monza,MEDIUM,,,missing,0,circuit_compound,28
42,monza,2023,monza,MEDIUM,,,missing,0,circuit_compound,28
43,monza,2023,monza,MEDIUM,,,missing,0,circuit_compound,28
44,monza,2023,monza,MEDIUM,,,missing,0,circuit_compound,28
45,monza,2023,monza,MEDIUM,,,missing,0,circuit_compound,28
46,monza,2023,monza,MEDIUM,,,missing,0,circuit_compound,28
47,monza,2023,monza,MEDIUM,,,missing,0,circuit_compound,28
48,monza,2023,monza,MEDIUM,,,missing,0,circuit_compound,28
49,monza,2023,monza,MEDIUM,,,missing,0,circuit_compound,28
50,monza,2023,monza,MEDIUM,,,missing,0,circuit_compound,28
51,monza,2023,monza,MEDIUM,,,missing,0,circuit_compound,28
52,monza,2023,monza,MEDIUM,,,missing,0,circuit_compound,28
53,monza,2023,monza,MEDIUM,,,missing,0,circuit_compound,28
54,monza,2023,monza,MEDIUM,,,missing,0,circuit_compound,28
55,monza,2023,monza,MEDIUM,,,missing,0,circuit_compound,28
56,monza,2023,monza,MEDIUM,,,missing,0,circuit_compound,28
57,monza,2023,monza,MEDIUM,,,missing,0,circuit_compound,28
58,monza,2023,monza,MEDIUM,,,missing,0,circuit_compound,28
59,monza,2023,monza,MEDIUM,,,missing,0,circuit_compound,28
60,monza,2023,monza,MEDIUM,,,missing,0,circuit_compound,28
61,monza,2023,monza,MEDIUM,,,missing,0,circuit_compound,28
62,monza,2023,monza,MEDIUM,,,missing,0,circuit_compound,28
63,monza,2023,monza,MEDIUM,,,missing,0,circuit_compound,28
64,monza,2023,monza,MEDIUM,,,missing,0,circuit_compound,28
65,monza,2023,monza,MEDIUM,,,missing,0,circuit_compound,28
66,monza,2023,monza,MEDIUM,,,missing,0,circuit_compound,28
67,monza,2023,monza,MEDIUM,,,missing,0,circuit_compound,28
68,monza,2023,monza,MEDIUM,,,missing,0,circuit_compound,28
69,monza,2023,monza,MEDIUM,,,missing,0,circuit_compound,28
70,monza,2023,monza,MEDIUM,,,missing,0,circuit_compound,28
71,monza,2023,monza,MEDIUM,,,missing,0,circuit_compound,28
72,monza,2023,monza,MEDIUM,,,missing,0,circuit_compound,28
73,monza,2023,monza,MEDIUM,,,missing,0,circuit_compound,28
74,monza,2023,monza,MEDIUM,,,missing,0,circuit_compound,28
75,monza,2023,monza,MEDIUM,,,missing,0,circuit_compound,28
76,monza,2023,monza,MEDIUM,,,missing,0,circuit_compound,28
77,monza,2023,monza,MEDIUM,,,missing,0,circuit_compound,28
78,monza,2023,monza,MEDIUM,,,missing,0,circuit_compound,28
79,monza,2023,monza,MEDIUM,,,missing,0,circuit_compound,28
80,monza,2023,monza,MEDIUM,,,missing,0,circuit_compound,28
81,monza,2023,monza,MEDIUM,,,missing,0,circuit_compound,28
82,monza,2023,monza,MEDIUM,,,missing,0,circuit_compound,28
83,monza,2023,monza,MEDIUM,,,missing,0,circuit_compound,28
84,monza,2023,monza,MEDIUM,,,missing,0,circuit_compound,28
85,monza,2023,monza,MEDIUM,,,missing,0,circuit_compound,28
86,monza,2023,monza,MEDIUM,,,missing,0,circuit_compound,28
87,monza,2023,monza,MEDIUM,,,missing,0,circuit_compound,28
88,monza,2023,monza,MEDIUM,,,missing,0,circuit_compound,28
89,monza,2023,monza,MEDIUM,,,missing,0,circuit_compound,28
90,monza,2023,monza,MEDIUM,,,missing,0,circuit_compound,28
91,monza,2023,monza,MEDIUM,,,missing,0,circuit_compound,28
92,monza,2023,monza,MEDIUM,,,missing,0,circuit_compound,28
93,monza,2023,monza,MEDIUM,,,missing,0,circuit_compound,28
94,monza,2023,monza,MEDIUM,,,missing,0,circuit_compound,28
95,monza,2023,monza,MEDIUM,,,missing,0,circuit_compound,28
96,monza,2023,monza,MEDIUM,,,missing,0,circuit_compound,28
97,monza,2023,monza,MEDIUM,,,missing,0,circuit_compound,28
98,monza,2023,monza,MEDIUM,,,missing,0,circuit_compound,28
99,monza,2023,monza,MEDIUM,,,missing,0,circuit_compound,28
100,monza,2023,monza,MEDIUM,,,missing,0,circuit_compound,28
101,monza,2023,monza,MEDIUM,,,missing,0,circuit_compound,28
102,monza,2023,monza,MEDIUM,,,missing,0,circuit_compound,28
103,monza,2023,monza,MEDIUM,,,missing,0,circuit_compound,28
104,monza,2023,monza,MEDIUM,,,missing,0,circuit_compound,28
105,monza,2023,monza,MEDIUM,,,missing,0,circuit_compound,28
106,monza,2023,monza,MEDIUM,,,missing,0,circuit_compound,28
107,monza,2023,monza,MEDIUM,,,missing,0,circuit_compound,28
108,monza,2023,monza,MEDIUM,,,missing,0,circuit_compound,28
109,monza,2023,monza,MEDIUM,,,missing,0,circuit_compound,28
110,monza,2023,monza,MEDIUM,,,missing,0,circuit_compound,28
111,monza,2023,monza,MEDIUM,,,missing,0,circuit_compound,28
112,monza,2023,monza,MEDIUM,,,missing,0,circuit_compound,28
113,monza,2023,monza,MEDIUM,,,missing,0,circuit_compound,28
114,monza,2023,monza,MEDIUM,,,missing,0,circuit_compound,28
115,monza,2023,monza,MEDIUM,,,missing,0,circuit_compound,28
116,monza,2023,monza,MEDIUM,,,missing,0,circuit_compound,28
117,monza,2023,monza,MEDIUM,,,missing,0,circuit_compound,28
118,monza,2023,monza,MEDIUM,,,missing,0,circuit_compound,28
119,monza,2023,monza,MEDIUM,,,missing,0,circuit_compound,28
120,monza,2023,monza,MEDIUM,,,missing,0,circuit_compound,28
121,monza,2023,monza,MEDIUM,,,missing,0,circuit_compound,28
122,monza,2023,monza,MEDIUM,,,missing,0,circuit_compound,28
123,monza,2023,monza,MEDIUM,,,missing,0,circuit_compound,28
124,monza,2023,monza,MEDIUM,,,missing,0,circuit_compound,28
125,monza,2023,monza,MEDIUM,,,missing,0,circuit_compound,28
126,monza,2023,monza,MEDIUM,,,missing,0,circuit_compound,28
127,monza,2023,monza,MEDIUM,,,missing,0,circuit_compound,28
128,monza,2023,monza,MEDIUM,,,missing,0,circuit_compound,28
129,monza,2023,monza,MEDIUM,,,missing,0,circuit_compound,28
130,monza,2023,monza,MEDIUM,,,missing,0,circuit_compound,28
131,monza,2023,monza,MEDIUM,,,missing,0,circuit_compound,28
132,monza,2023,monza,MEDIUM,,,missing,0,circuit_compound,28
133,monza,2023,monza,MEDIUM,,,missing,0,circuit_compound,28
134,monza,2023,monza,MEDIUM,,,missing,0,circuit_compound,28
135,monza,2023,monza,MEDIUM,,,missing,0,circuit_compound,28
136,monza,2023,monza,MEDIUM,,,missing,0,circuit_compound,28
137,monza,2023,monza,MEDIUM,,,missing,0,circuit_compound,28
138,monza,2023,monza,MEDIUM,,,missing,0,circuit_compound,28
139,monza,2023,monza,MEDIUM,,,missing,0,circuit_compound,28
140,monza,2023,monza,MEDIUM,,,missing,0,circuit_compound,28
141,monza,2023,monza,MEDIUM,,,missing,0,circuit_compound,28
142,monza,2023,monza,MEDIUM,,,missing,0,circuit_compound,28
143,monza,2023,monza,MEDIUM,,,missing,0,circuit_compound,28
144,monza,2023,monza,MEDIUM,,,missing,0,circuit_compound,28
145,monza,2023,monza,MEDIUM,,,missing,0,circuit_compound,28
146,monza,2023,monza,MEDIUM,,,missing,0,circuit_compound,28
147,monza,2023,monza,MEDIUM,,,missing,0,circuit_compound,28
148,monza,2023,monza,MEDIUM,,,missing,0,circuit_compound,28
149,monza,2023,monza,MEDIUM,,,missing,0,circuit_compound,28
150,monza,2023,monza,MEDIUM,,,missing,0,circuit_compound,28
151,monza,2023,monza,MEDIUM,,,missing,0,circuit_compound,28
152,monza,2023,monza,MEDIUM,,,missing,0,circuit_compound,28
153,monza,2023,monza,MEDIUM,,,missing,0,circuit_compound,28
154,monza,2023,monza,MEDIUM,,,missing,0,circuit_compound,28
155,monza,2023,monza,MEDIUM,,,missing,0,circuit_compound,28
156,monza,2023,monza,MEDIUM,,,missing,0,circuit_compound,28
157,monza,2023,monza,MEDIUM,,,missing,0,circuit_compound,28
158,monza,2023,monza,MEDIUM,,,missing,0,circuit_compound,28
159,monza,2023,monza,MEDIUM,,,missing,0,circuit_compound,28
160,monza,2023,monza,MEDIUM,,,missing,0,circuit_compound,28
161,monza,2023,monza,MEDIUM,,,missing,0,circuit_compound,28
162,monza,2023,monza,MEDIUM,,,missing,0,circuit_compound,28
163,monza,2023,monza,MEDIUM,,,missing,0,circuit_compound,28
164,monza,2023,monza,MEDIUM,,,missing,0,circuit_compound,28
165,monza,2023,monza,MEDIUM,,,missing,0,circuit_compound,28
166,monza,2023,monza,MEDIUM,,,missing,0,circuit_compound,28
167,monza,2023,monza,MEDIUM,,,missing,0,circuit_compound,28
168,monza,2023,monza,MEDIUM,,,missing,0,circuit_compound,28
169,monza,2023,monza,MEDIUM,,,missing,0,circuit_compound,28
170,monza,2023,monza,MEDIUM,,,missing,0,circuit_compound,28
171,monza,2023,monza,MEDIUM,,,missing,0,circuit_compound,28
172,monza,2023,monza,MEDIUM,,,missing,0,circuit_compound,28
173,monza,2023,monza,MEDIUM,,,missing,0,circuit_compound,28
174,monza,2023,monza,MEDIUM,,,missing,0,circuit_compound,28
175,monza,2023,monza,MEDIUM,,,missing,0,circuit_compound,28
176,monza,2023,monza,MEDIUM,,,missing,0,circuit_compound,28
177,monza,2023,monza,MEDIUM,,,missing,0,circuit_compound,28
178,monza,2023,monza,MEDIUM,,,missing,0,circuit_compound,28
179,monza,2023,monza,MEDIUM,,,missing,0,circuit_compound,28
180,monza,2023,monza,MEDIUM,,,missing,0,circuit_compound,28
181,monza,2023,monza,MEDIUM,,,missing,0,circuit_compound,28
182,monza,2023,monza,MEDIUM,,,missing,0,circuit_compound,28
183,monza,2023,monza,MEDIUM,,,missing,0,circuit_compound,28
184,monza,2023,monza,MEDIUM,,,missing,0,circuit_compound,28
185,monza,2023,monza,MEDIUM,,,missing,0,circuit_compound,28
186,monza,2023,monza,MEDIUM,,,missing,0,circuit_compound,28
187,monza,2023,monza,MEDIUM,,,missing,0,circuit_compound,28
188,monza,2023,monza,MEDIUM,,,missing,0,circuit_compound,28
189,monza,2023,monza,MEDIUM,,,missing,0,circuit_compound,28
190,monza,2023,monza,MEDIUM,,,missing,0,circuit_compound,28
191,monza,2023,monza,MEDIUM,,,missing,0,circuit_compound,28
192,monza,2023,monza,MEDIUM,,,missing,0,circuit_compound,28
193,monza,2023,monza,MEDIUM,,,missing,0,circuit_compound,28
194,monza,2023,monza,MEDIUM,,,missing,0,circuit_compound,28
195,monza,2023,monza,MEDIUM,,,missing,0,circuit_compound,28
196,monza,2023,monza,MEDIUM,,,missing,0,circuit_compound,28
197,monza,2023,monza,MEDIUM,,,missing,0,circuit_compound,28
198,monza,2023,monza,MEDIUM,,,missing,0,circuit_compound,28
199,monza,2023,monza,MEDIUM,,,missing,0,circuit_compound,28
200,monza,2023,monza,MEDIUM,,,missing,0,circuit_compound,28
201,monza,2023,monza,MEDIUM,,,missing,0,circuit_compound,28
202,monza,2023,monza,MEDIUM,,,missing,0,circuit_compound,28
203,monza,2023,monza,MEDIUM,,,missing,0,circuit_compound,28
204,monza,2023,monza,MEDIUM,,,missing,0,circuit_compound,28
205,monza,2023,monza,MEDIUM,,,missing,0,circuit_compound,28
206,monza,2023,monza,MEDIUM,,,missing,0,circuit_compound,28
207,monza,2023,monza,MEDIUM,,,missing,0,circuit_compound,28
208,monza,2023,monza,MEDIUM,,,missing,0,circuit_compound,28
209,monza,2023,monza,MEDIUM,,,missing,0,circuit_compound,28
210,monza,2023,monza,MEDIUM,,,missing,0,circuit_compound,28
211,monza,2023,monza,MEDIUM,,,missing,0,circuit_compound,28
212,monza,2023,monza,MEDIUM,,,missing,0,circuit_compound,28
213,monza,2023,monza,MEDIUM,,,missing,0,circuit_compound,28
214,monza,2023,monza,MEDIUM,,,missing,0,circuit_compound,28
215,monza,2023,monza,MEDIUM,,,missing,0,circuit_compound,28
216,monza,2023,monza,MEDIUM,,,missing,0,circuit_compound,28
217,monza,2023,monza,MEDIUM,,,missing,0,circuit_compound,28
218,monza,2023,monza,MEDIUM,,,missing,0,circuit_compound,28
219,monza,2023,monza,MEDIUM,,,missing,0,circuit_compound,28
220,monza,2023,monza,MEDIUM,,,missing,0,circuit_compound,28
221,monza,2023,monza,MEDIUM,,,missing,0,circuit_compound,28
222,monza,2023,monza,MEDIUM,,,missing,0,circuit_compound,28
223,monza,2023,monza,MEDIUM,,,missing,0,circuit_compound,28
224,monza,2023,monza,MEDIUM,,,missing,0,circuit_compound,28
225,monza,2023,monza,MEDIUM,,,missing,0,circuit_compound,28
226,monza,2023,monza,MEDIUM,,,missing,0,circuit_compound,28
227,monza,2023,monza,MEDIUM,,,missing,0,circuit_compound,28
228,monza,2023,monza,MEDIUM,,,missing,0,circuit_compound,28
229,monza,2023,monza,MEDIUM,,,missing,0,circuit_compound,28
230,monza,2023,monza,MEDIUM,,,missing,0,circuit_compound,28
231,monza,2023,monza,MEDIUM,,,missing,0,circuit_compound,28
232,monza,2023,monza,MEDIUM,,,missing,0,circuit_compound,28
233,monza,2023,monza,MEDIUM,,,missing,0,circuit_compound,28
234,monza,2023,monza,MEDIUM,,,missing,0,circuit_compound,28
235,monza,2023,monza,MEDIUM,,,missing,0,circuit_compound,28
236,monza,2023,monza,MEDIUM,,,missing,0,circuit_compound,28
237,monza,2023,monza,MEDIUM,,,missing,0,circuit_compound,28
238,monza,2023,monza,MEDIUM,,,missing,0,circuit_compound,28
239,monza,2023,monza,MEDIUM,,,missing,0,circuit_compound,28
240,monza,2023,monza,MEDIUM,,,missing,0,circuit_compound,28
241,monza,2023,monza,MEDIUM,,,missing,0,circuit_compound,28
242,monza,2023,monza,MEDIUM,,,missing,0,circuit_compound,28
243,monza,2023,monza,MEDIUM,,,missing,0,circuit_compound,28
244,monza,2023,monza,MEDIUM,,,missing,0,circuit_compound,28
245,monza,2023,monza,MEDIUM,,,missing,0,circuit_compound,28
